{"cameraMode":{"drawMode":0,"name":"Shaded","section":"Shading Mode"},"sceneLighting":true,"audioPlay":false,"sceneViewState":{"m_AlwaysRefresh":true,"showFog":true,"showSkybox":true,"showFlares":true,"showImageEffects":true,"showParticleSystems":true,"showVisualEffectGraphs":true,"m_FxEnabled":true},"in2DMode":false,"pivot":{"x":-150.93740844726563,"y":-24.934507369995118,"z":91.61400604248047},"rotation":{"x":0.04941233620047569,"y":-0.5417170524597168,"z":0.03183717280626297,"w":0.8385797739028931},"size":117.15088653564453,"orthographic":false}