{"cameraMode":{"drawMode":0,"name":"Shaded","section":"Shading Mode"},"sceneLighting":true,"audioPlay":false,"sceneViewState":{"m_AlwaysRefresh":true,"showFog":true,"showSkybox":true,"showFlares":true,"showImageEffects":true,"showParticleSystems":true,"showVisualEffectGraphs":true,"m_FxEnabled":true},"in2DMode":false,"pivot":{"x":-27.82550621032715,"y":-164.85260009765626,"z":101.53963470458985},"rotation":{"x":0.4661715626716614,"y":-0.06411253660917282,"z":0.03382975980639458,"w":0.8817917704582214},"size":117.15088653564453,"orthographic":false}